English,https://en.wikipedia.org/wiki/English%20language
English,https://en.wikipedia.org/wiki/England
English,https://en.wikipedia.org/wiki/English%20people
English,https://en.wikipedia.org/wiki/English%20studies
English,https://en.wikipedia.org/wiki/Kingdom%20of%20England
English,https://en.wikipedia.org/wiki/English%20American
Mercury,https://en.wikipedia.org/wiki/Mercury%20%28planet%29
Mercury,https://en.wikipedia.org/wiki/Mercury%20%28mythology%29
Mercury,https://en.wikipedia.org/wiki/Mercury%20Records
Mercury,https://en.wikipedia.org/wiki/Mercury%20%28automobile%29
Mercury,https://en.wikipedia.org/wiki/Project%20Mercury
Mercury,https://en.wikipedia.org/wiki/Mercury%20%28element%29
Mars,https://en.wikipedia.org/wiki/Mars
Mars,https://en.wikipedia.org/wiki/Mars%20%28mythology%29
Mars,https://en.wikipedia.org/wiki/Mars%2C%20Incorporated
Mars,https://en.wikipedia.org/wiki/Mars%20%28god%29
Mars,https://en.wikipedia.org/wiki/Mars%20%28astrology%29
Mars,https://en.wikipedia.org/wiki/Mars%20%28band%29
war,https://en.wikipedia.org/wiki/war
war,https://en.wikipedia.org/wiki/World%20War%20II
war,https://en.wikipedia.org/wiki/Second%20World%20War
war,https://en.wikipedia.org/wiki/First%20World%20War
war,https://en.wikipedia.org/wiki/World%20War%20I
war,https://en.wikipedia.org/wiki/war%20film
Sun,https://en.wikipedia.org/wiki/Sun
Sun,https://en.wikipedia.org/wiki/Sun%20Microsystems
Sun,https://en.wikipedia.org/wiki/The%20Sun%20%28United%20Kingdom%29
Sun,https://en.wikipedia.org/wiki/Sun%20%28astrology%29
Sun,https://en.wikipedia.org/wiki/Sun%20Records
Sun,https://en.wikipedia.org/wiki/Sun-Hwa%20Kwon
Earth,https://en.wikipedia.org/wiki/Earth
Earth,https://en.wikipedia.org/wiki/Earth%20%28American%20band%29
Earth,https://en.wikipedia.org/wiki/Earth%20%28classical%20element%29
Earth,https://en.wikipedia.org/wiki/Earth%20%281998%20film%29
Earth,https://en.wikipedia.org/wiki/Earth%20%28planet%29
Earth,https://en.wikipedia.org/wiki/Earth%20%28Noon%20Universe%29
name,https://en.wikipedia.org/wiki/name
name,https://en.wikipedia.org/wiki/Botanical%20name
name,https://en.wikipedia.org/wiki/Welsh%20placenames
name,https://en.wikipedia.org/wiki/given%20name
name,https://en.wikipedia.org/wiki/List%20of%20Ohio%20county%20name%20etymologies
name,https://en.wikipedia.org/wiki/ring%20name
deserts,https://en.wikipedia.org/wiki/deserts
deserts,https://en.wikipedia.org/wiki/Desert
deserts,https://en.wikipedia.org/wiki/desert
deserts,https://en.wikipedia.org/wiki/Deserts%20of%20Australia
deserts,https://en.wikipedia.org/wiki/desertion
deserts,https://en.wikipedia.org/wiki/desert%20fungi
Solar System,https://en.wikipedia.org/wiki/Solar%20System
Solar System,https://en.wikipedia.org/wiki/Solar%20system
Solar System,https://en.wikipedia.org/wiki/Solar%20System%20%28song%29
Solar System,https://en.wikipedia.org/wiki/Leigh%20Brackett%20Solar%20System
Solar System,https://en.wikipedia.org/wiki/Solar%20System%20in%20fiction
Solar System,https://en.wikipedia.org/wiki/age%20of%20the%20Solar%20System
Moon,https://en.wikipedia.org/wiki/Moon
Moon,https://en.wikipedia.org/wiki/Moon%20%28film%29
Moon,https://en.wikipedia.org/wiki/Moon%20%28astrology%29
Moon,https://en.wikipedia.org/wiki/Muhu
Moon,https://en.wikipedia.org/wiki/Moon%20%28Middle-earth%29
Moon,https://en.wikipedia.org/wiki/Moon%20%28visual%20novel%29
Roman god,https://en.wikipedia.org/wiki/Roman%20mythology
Roman god,https://en.wikipedia.org/wiki/Roman%20god
Roman god,https://en.wikipedia.org/wiki/Mercury%20%28mythology%29
Roman god,https://en.wikipedia.org/wiki/List%20of%20Roman%20deities
Roman god,https://en.wikipedia.org/wiki/Janus
Roman god,https://en.wikipedia.org/wiki/Ancient%20Roman%20religion
terrestrial planet,https://en.wikipedia.org/wiki/terrestrial%20planet
terrestrial planet,https://en.wikipedia.org/wiki/Rocky%20planet
naked eye,https://en.wikipedia.org/wiki/naked%20eye
naked eye,https://en.wikipedia.org/wiki/Naked%20eye%23Naked%20eye%20in%20astronomy
naked eye,https://en.wikipedia.org/wiki/classical%20planet
naked eye,https://en.wikipedia.org/wiki/Bright%20Star%20Catalogue
naked eye,https://en.wikipedia.org/wiki/Naked-eye%20stars
naked eye,https://en.wikipedia.org/wiki/naked-eye%20stars
impact craters,https://en.wikipedia.org/wiki/impact%20craters
impact craters,https://en.wikipedia.org/wiki/impact%20crater
impact craters,https://en.wikipedia.org/wiki/Impact%20crater
impact craters,https://en.wikipedia.org/wiki/list%20of%20impact%20craters%20on%20Earth
effect,https://en.wikipedia.org/wiki/Causality
effect,https://en.wikipedia.org/wiki/therapeutic%20effect
effect,https://en.wikipedia.org/wiki/Effects%20unit
effect,https://en.wikipedia.org/wiki/audio%20signal%20processing
effect,https://en.wikipedia.org/wiki/Special%20effect
effect,https://en.wikipedia.org/wiki/Sound%20effect
valleys,https://en.wikipedia.org/wiki/valleys
valleys,https://en.wikipedia.org/wiki/South%20Wales%20Valleys
valleys,https://en.wikipedia.org/wiki/Valley
valleys,https://en.wikipedia.org/wiki/Wadi
valleys,https://en.wikipedia.org/wiki/valleys%20of%20the%20Alps
valleys,https://en.wikipedia.org/wiki/Valleys%20of%20South%20Tyrol
reddish appearance,https://en.wikipedia.org/wiki/Mars%20surface%20color
polar ice caps,https://en.wikipedia.org/wiki/polar%20ice%20caps
polar ice caps,https://en.wikipedia.org/wiki/Arctic%20ice%20pack
polar ice caps,https://en.wikipedia.org/wiki/Polar%20ice%20packs
polar ice caps,https://en.wikipedia.org/wiki/Antarctic%20ice%20sheet
astronomical bodies,https://en.wikipedia.org/wiki/astronomical%20bodies
astronomical bodies,https://en.wikipedia.org/wiki/astronomical%20object
astronomical bodies,https://en.wikipedia.org/wiki/Astronomical%20object
astronomical bodies,https://en.wikipedia.org/wiki/astrolatry
surface features,https://en.wikipedia.org/wiki/Planetary%20nomenclature
